{"KRW-ETH": [0.734, 0.84800001, 0.9000000000000001, 0.8329999999999997, 0.6100000000000003, 0.5299999999999998, 0.4001457799999999, false], "KRW-BTC": [0.047, 0.05300001, 0.057999999999999996, 0.05300094999999999, 0.04000000000000001, 0.03600000000000003, false, false], "KRW-XRP": [2617.4, 3078.0000000100003, 3319.0999998400002, 3058.7999999999993, 2259.0999998400002, 1995.1000000000004, false, false], "KRW-DOGE": [17460.0, 20152.0, 21768.0, 19829.0, 11131.925925920004, 12039.0, false, false]}