{"KRW-ETH": [0.31, 0.309, 0.8939999999999999, false, false, false, false, false, false], "KRW-XRP": [2617.4, 3078.0000000100003, 3319.0999998400002, 3058.7999999999993, 2320.2000000099997, 2044.9000000000015, false, false, false], "KRW-DOGE": [false, false, false, false, false, false, false, false, false], "KRW-ADA": [2364.0, 2833.0, 3111.0, false, false, false, false, false, false], "KRW-BTC": [0.03300003, false, false, false, false, false, false, false, false]}