{"KRW-BTC": [0.005, 0.019, 0.03000001, 0.010004520000000003, 0.023999999999999994, 0.023000000000000007, false, false, false, false, false, false, false, false, false], "KRW-ETH": [0.096, 0.366, 0.5960000000000001, 0.476, 0.47199999999999975, 0.4590000000000001, false, false, false, false, false, false, false, false, false], "KRW-XRP": [793.70000004, 788.6000000100001, 1821.0, 1777.7999998700002, false, false, false, false, false, false, false, false, false, false, false, false, false, false, false, false], "KRW-AVAX": [12.00458453, 11.995648089999998, 28.0, 25.983787780000007, false, false, false, false, false, false, false, false, false, false, false, false, false, false, false, false], "KRW-SOL": [3.99986481, 4.0, 9.999999999999998, 9.995482980000002, false, false, false, false, false, false, false, false, false, false, false, false, false, false, false, false], "KRW-DOGE": [5556.0, 12916.0, 12739.0, false, false, false, false, false, false, false, false, false, false, false, false, false, false, false, false, false]}