{"BTC/USDT": 0.5966610549943879, "ETH/USDT": 0.5496920492721189, "BNB/USDT": 0.5678601165695252, "LDO/USDT": 0.5723098012337235, "SOL/USDT": 0.5683453237410063, "FIL/USDT": 0.5394736842105308, "AGIX/USDT": 0.5236056522552872, "MATIC/USDT": 0.5255172413793106, "DOGE/USDT": 0.6021505376344107, "PHB/USDT": 0.6208053691275175, "APT/USDT": 0.581442080778894, "LINK/USDT": 0.5461741424802107, "NEAR/USDT": 0.5603864734299514, "ADA/USDT": 0.5680000000000003, "FTM/USDT": 0.5339805825242726, "XRP/USDT": 0.574938574938576, "1000LUNC/USDT": 0.6141304347826093, "ICP/USDT": 0.5917020138331618, "AMB/USDT": 0.5966850828729271, "AVAX/USDT": 0.5583756345177673, "DODO/USDT": 0.6442307692307686, "LEVER/USDT": 0.6416184971098267, "SAND/USDT": 0.5789473684210537, "TLM/USDT": 0.6385202847466984, "ETC/USDT": 0.5615384615384604, "LTC/USDT": 0.5586206896551706, "GALA/USDT": 0.567493112947659, "WAVES/USDT": 0.6146707909854177, "1000SHIB/USDT": 0.6389261744966437, "GMT/USDT": 0.591397849462366, "APE/USDT": 0.5956284153005462, "LUNA2/USDT": 0.6379500647027494, "DOT/USDT": 0.5454545454545467, "GAL/USDT": 0.5971698113207546, "TRX/USDT": 0.617318435754191, "CVX/USDT": 0.5510087816807456, "UNI/USDT": 0.5485074626865651, "ARB/USDT": 0.6183098591549292, "MASK/USDT": 0.5588235294117643, "CFX/USDT": 0.49757356102954725, "OP/USDT": 0.577727994555352, "DYDX/USDT": 0.558375634517768, "LQTY/USDT": 0.6190326633165824, "STX/USDT": 0.6068376068376066, "EOS/USDT": 0.5491329479768783, "GTC/USDT": 0.5540540540540542, "SXP/USDT": 0.522388059701492, "NEO/USDT": 0.5748318385650223, "OMG/USDT": 0.5866666666666658, "MAGIC/USDT": 0.4985765319291217, "ID/USDT": 0.7157622739018081, "ATOM/USDT": 0.5389527458492998, "CELR/USDT": 0.5609756097560972, "SNX/USDT": 0.5285714285714289, "INJ/USDT": 0.5903010033444824, "BCH/USDT": 0.5625899280575533, "SSV/USDT": 0.6012269938650301, "MKR/USDT": 0.5654450261780074, "LINA/USDT": 0.6048951048951049, "CRV/USDT": 0.5357142857142831, "XLM/USDT": 0.5529531568228105, "SUSHI/USDT": 0.5490196078431341, "1INCH/USDT": 0.5323529411764703, "HOT/USDT": 0.5588235294117629, "JOE/USDT": 0.6209912536443145, "HBAR/USDT": 0.5396648044692739, "C98/USDT": 0.583629893238434, "CELO/USDT": 0.5416666666666675, "IMX/USDT": 0.5808656036446429, "SPELL/USDT": 0.6355828220858892}