{"BTC/BUSD": 0.5727466288147651, "ETH/BUSD": 0.5384615384615392, "BNB/BUSD": 0.5533826638477811, "LDO/BUSD": 0.5672734992834785, "SOL/BUSD": 0.5517241379310338, "FIL/BUSD": 0.5866317155675471, "AGIX/BUSD": 0.5402985074626867, "MATIC/BUSD": 0.5454545454545441, "DOGE/BUSD": 0.6018099547511305, "PHB/BUSD": 0.6210409824360987, "APT/BUSD": 0.6339931480776546, "LINK/BUSD": 0.5602219363475673, "NEAR/BUSD": 0.5596682710776646, "ADA/BUSD": 0.5662847790507347, "FTM/BUSD": 0.5327868852459015, "XRP/BUSD": 0.5601415094339621, "1000LUNC/BUSD": 0.6118813175322411, "ICP/BUSD": 0.5932400932400932, "AMB/BUSD": 0.5927441352973264, "AVAX/BUSD": 0.5630315488452695, "DODO/BUSD": 0.6456447963800904, "LEVER/BUSD": 0.6441175192316049, "SAND/BUSD": 0.5897035881435262, "TLM/BUSD": 0.635531135531135, "ETC/BUSD": 0.5901781578058879, "LTC/BUSD": 0.5863874345549758, "GALA/BUSD": 0.5903090309030911, "WAVES/BUSD": 0.6164383561643838, "1000SHIB/BUSD": 0.6597749067908225, "GMT/BUSD": 0.5830721003134809, "APE/BUSD": 0.6073450134770887, "LUNA2/BUSD": 0.6243554580362038, "DOT/BUSD": 0.5700544368690879, "GAL/BUSD": 0.6021505376344094, "TRX/BUSD": 0.63627353815659, "CVX/BUSD": 0.5528846153846141, "UNI/BUSD": 0.5473461008211931}