{"BTC/BUSD": 0.5754574811625427, "ETH/BUSD": 0.5384615384615392, "BNB/BUSD": 0.552238805970149, "LDO/BUSD": 0.5682819383259909, "SOL/BUSD": 0.5485519591141379, "FIL/BUSD": 0.5854922279792744, "AGIX/BUSD": 0.5427973373550367, "MATIC/BUSD": 0.5418996192101502, "DOGE/BUSD": 0.6018099547511305, "PHB/BUSD": 0.6208053691275175, "APT/BUSD": 0.6033207349588364, "LINK/BUSD": 0.5605095541401277, "NEAR/BUSD": 0.5622895622895592, "ADA/BUSD": 0.5653333333333331, "FTM/BUSD": 0.5313224024238108, "XRP/BUSD": 0.5671313279530449, "1000LUNC/BUSD": 0.6141304347826093, "ICP/BUSD": 0.5917020138331618, "AMB/BUSD": 0.5966850828729271, "AVAX/BUSD": 0.5572959604286882, "DODO/BUSD": 0.6442307692307686, "LEVER/BUSD": 0.6416184971098267, "SAND/BUSD": 0.5935530927730622, "TLM/BUSD": 0.6385202847466984, "ETC/BUSD": 0.5842696629213499, "LTC/BUSD": 0.5859502565129001, "GALA/BUSD": 0.5901653614385303, "WAVES/BUSD": 0.6146707909854177, "1000SHIB/BUSD": 0.6583072100313487, "GMT/BUSD": 0.5834279420486329, "APE/BUSD": 0.6071428571428568, "LUNA2/BUSD": 0.6379500647027494, "DOT/BUSD": 0.5700808625336928, "GAL/BUSD": 0.5971698113207546, "TRX/BUSD": 0.6365714871791867, "CVX/BUSD": 0.5510087816807456, "UNI/BUSD": 0.5485074626865651}