{"BTC/BUSD": 0.5712868011908698, "ETH/BUSD": 0.5388302972195637, "BNB/BUSD": 0.5533826638477811, "LDO/BUSD": 0.5660377358490536, "SOL/BUSD": 0.5597014925373138, "FIL/BUSD": 0.5794117647058827, "AGIX/BUSD": 0.5427973373550367, "MATIC/BUSD": 0.5442406258429991, "DOGE/BUSD": 0.6018099547511305, "PHB/BUSD": 0.62127659574468, "APT/BUSD": 0.629746167294263, "LINK/BUSD": 0.5605095541401277, "NEAR/BUSD": 0.5641025641025634, "ADA/BUSD": 0.5662847790507347, "FTM/BUSD": 0.5325224748810158, "XRP/BUSD": 0.5601415094339621, "1000LUNC/BUSD": 0.6136618141097421, "ICP/BUSD": 0.5890733835221276, "AMB/BUSD": 0.5877670716380399, "AVAX/BUSD": 0.5618060695780909}