{"BNB/BUSD": 305.15, "1000LUNC/BUSD": 0.1598, "ADA/BUSD": 0.3791, "DOGE/BUSD": 0.08319, "FIL/BUSD": 7.55, "BTC/BUSD": 23600.0, "ETH/BUSD": 1596.56, "APT/BUSD": 14.141, "LDO/BUSD": 2.9476, "AMB/BUSD": 0.024183}