{"KRW-DOGE": [2, 2, 2, 2, 2], "KRW-SAND": [1.7868555714792178, null, null, null, null], "KRW-FLOW": [1.941631643537911, 1.4291895993395087, null, null, null], "KRW-XRP": [2, 2, 2, 2, 2], "KRW-WAVES": [2, 2, 2, 2, 2], "KRW-MATIC": [1.9287865761969059, 1.5538531465133731, null, null, null], "KRW-EOS": [1.8974990560145066, null, null, null, null], "KRW-ADA": [1.9375652016517808, null, null, null, null], "KRW-KNC": [2, 2, 2, 2, 2], "KRW-ATOM": [1.9626880018182913, null, null, null, null], "KRW-MANA": [2, 2, 2, 2, 2]}