{"KRW-FLOW": 0.23704332521528038, "KRW-BTC": 1.8422726364503816, "KRW-ETH": -0.4564803676262774, "KRW-WAVES": -0.24722893655797495, "KRW-ADA": -0.1255156127571544, "KRW-SAND": 0.24952405790321652, "KRW-SOL": -0.7295288216620066, "KRW-MATIC": 0.027852716818510537, "KRW-EOS": 0.13534633740246438, "KRW-CHZ": 0.12185694351380949, "KRW-XRP": -0.08953358666998756, "KRW-DOGE": -0.02054061537868357, "KRW-AVAX": -0.05611422119483622, "KRW-TRX": -0.07594228386427204, "KRW-IOST": 0.7848375389057916, "KRW-NEAR": -0.17761999651202398, "KRW-ATOM": -0.11009930509925381, "KRW-ETC": -0.13935632319923563}