{"KRW-BTC": [1.1214328953956798, false, false, false, false, false, false, false, false], "KRW-XRP": [1.1860961038720585, 0.7277022097875285, false, false, false, false, false, false, false], "KRW-ETH": [1.1994872162453651, 0.7320324600357475, false, false, false, false, false, false, false], "KRW-SOL": [1.1981075142687425, 0.7563770340326403, false, false, false, false, false, false, false]}