{"KRW-BTC": 1.8422726364503816, "KRW-CHZ": 0.560683382769267, "KRW-SAND": 1.0427481015716111, "KRW-ETC": 1.1585668463103493, "KRW-WAVES": 1.442807304426652, "KRW-GMT": 1.1020119300374054, "KRW-SOL": 1.0956816137945413, "KRW-ETH": 1.35843433220173, "KRW-APT": 0.922150045484571}