{"KRW-FLOW": 1.4553273079091378, "KRW-BTC": 1.8422726364503816, "KRW-ETH": 1.2000455282654698, "KRW-WAVES": 1.2648303977421227, "KRW-ADA": 1.4955211256776124, "KRW-SAND": 1.7529974604677756, "KRW-SOL": 0.4947872423592736, "KRW-XRP": 1.3108564595978756, "KRW-DOGE": 1.5022818771283752, "KRW-AVAX": 1.3926087646040974, "KRW-TRX": 1.3010558504909842, "KRW-ETC": 1.2877810917019339, "KRW-CHZ": 1.4536434546692734, "KRW-MANA": 2.129468833556536, "KRW-EOS": 1.9767897359927789, "KRW-ATOM": 1.2000892556417897, "KRW-IOST": 1.7203029586930318, "KRW-MATIC": 1.8218630767782296, "KRW-NEAR": 1.4463993946598697}