{"KRW-FLOW": 0.36121862638809343, "KRW-BTC": 1.8422726364503816, "KRW-ETH": 0.0954255123510217, "KRW-WAVES": 0.06595999395608843, "KRW-ADA": 0.3160519208833312, "KRW-SAND": 0.6410338902907098, "KRW-SOL": 0.13985048084392826, "KRW-MATIC": 0.6485609510979984, "KRW-EOS": 0.6652661064425747, "KRW-XRP": 0.1854230064118667, "KRW-DOGE": -0.05239971277193334, "KRW-AVAX": 0.16664893805624637, "KRW-TRX": 0.056094440347664865, "KRW-IOST": 0.7052862707842777, "KRW-NEAR": 0.17815466424073723, "KRW-ATOM": 0.16251086031719986, "KRW-ETC": 0.24186219254409558, "KRW-CHZ": 0.42838784291976406, "KRW-MANA": 0.5806190508057529}