{"KRW-SAND": 1.0128718798559921, "KRW-ETC": 1.1597358659704904, "KRW-GMT": 1.2310513068757523, "KRW-APT": 1.537862371592813, "KRW-MATIC": 1.257626610779794, "KRW-NEAR": 1.2541272922589553, "KRW-WAVES": 3.7540086776080006, "KRW-ADA": 2.404194475805732, "KRW-SOL": 2.935934145249397, "KRW-DOGE": 3.4484408634509967, "KRW-XRP": 2.81406423110242, "KRW-BTC": 2.8742772188121934, "KRW-ETH": 2.8082724721037344}