{"KRW-FLOW": 2.4, "KRW-ETC": 2.4, "KRW-BTC": 2.4, "KRW-NEAR": 2.4, "KRW-ETH": 2.4, "KRW-WAVES": 2.4, "KRW-XRP": 2.4, "KRW-ADA": 2.4, "KRW-SAND": 2.2144748534251413, "KRW-DOGE": 2.26804247520187, "KRW-AXS": 2.401449906839126, "KRW-SOL": 2.3718009579528854, "KRW-ANKR": 2.432985449360825, "KRW-MATIC": 2.400752652719, "KRW-CHZ": 2.4040634571732886, "KRW-ENJ": 2.4232761756038835, "KRW-MANA": 2.4041711232948957, "KRW-ZIL": 2.4140505770256, "KRW-ALGO": 2.4077536808153058, "KRW-SRM": 2.41758886690052, "KRW-SXP": 2.416826873118916, "KRW-STORJ": 2.4069098877723574, "KRW-MTL": 2.45172774084972, "KRW-GMT": 2.4276362381032035, "KRW-KNC": 2.334393712574845, "KRW-EOS": 2.357295852159913, "KRW-BCH": 2.438408, "KRW-ATOM": 2.4336587140797186, "KRW-XTZ": 2.465735458062812}