{"KRW-BTC": 1.8422726364503816, "KRW-XRP": 0.6497196508687964, "KRW-CHZ": 0.560683382769267, "KRW-DOGE": 1.9181717672362764, "KRW-ETH": 0.5421774876825713, "KRW-SAND": 0.9374220880666861, "KRW-SOL": 0.4593245032228799, "KRW-MATIC": 0.5786724880306515, "KRW-ETC": 0.6585984557482938, "KRW-APT": 0.6354423137532983, "KRW-WAVES": 1.442807304426652, "KRW-GMT": 0.570010935255727}