{"KRW-DOGE": [1.1733580196326976, 0.8114706889543966, false, false, false, false, false, false, false], "KRW-ETH": [0.9716172896463426, false, false, false, false, false, false, false, false], "KRW-BTC": [1.0167126117155645, false, false, false, false, false, false, false, false], "KRW-XRP": [0.9301063909040952, false, false, false, false, false, false, false, false]}