{"KRW-XRP": [0.20007940501476362, -100, -100, -100, -100, -100, -100], "KRW-DOGE": [-0.0228, -100, -100, -100, -100, -100, -100], "KRW-NEAR": [0.2, -100, -100, -100, -100, -100, -100], "KRW-ADA": [0.041942112334636406,-100,-100,-100,-100,-100,-100]}