{"KRW-SAND": 1.0128718798559921, "KRW-ETC": 1.1597358659704904, "KRW-GMT": 1.2310513068757523, "KRW-APT": 1.537862371592813, "KRW-MATIC": 1.257626610779794, "KRW-NEAR": 1.2541272922589553, "KRW-WAVES": 3.7540086776080006, "KRW-ADA": 2.404194475805732, "KRW-BTC": 1.352663190119019, "KRW-SOL": 1.3385918882334202, "KRW-XRP": 1.2955345646798788, "KRW-DOGE": 1.1988914490983937, "KRW-ETH": 1.1258321323605491}