{"KRW-SAND": 1.0128718798559921, "KRW-ETC": 1.1597358659704904, "KRW-GMT": 1.2310513068757523, "KRW-APT": 1.537862371592813, "KRW-MATIC": 1.257626610779794, "KRW-NEAR": 1.2541272922589553, "KRW-WAVES": 3.7540086776080006, "KRW-ADA": 2.404194475805732, "KRW-DOGE": 2.959382190369908, "KRW-ETH": 3.0087392561287674, "KRW-BTC": 3.0369753766010588, "KRW-SOL": 3.1562816952147577, "KRW-AVAX": 3.0882157340179406, "KRW-XRP": 3.072680964748842}