{"KRW-FLOW": 6.886364182259275, "KRW-ETC": 3.016492561016393, "KRW-BTC": 2.9675346187892915, "KRW-NEAR": 3.1654245323230246, "KRW-ETH": 3.0978559448188836, "KRW-WAVES": 3.2218107686154074, "KRW-ADA": 3.604269741240107, "KRW-SAND": 3.4276949038530624, "KRW-AXS": 3.538286474975183, "KRW-SOL": 3.355850616780298, "KRW-ANKR": 2.432985449360825, "KRW-MATIC": 3.9946421960340484, "KRW-MANA": 3.723690077839814,  "KRW-STORJ": 3.3461499537891237, "KRW-KNC": 3.478051424628581, "KRW-EOS": 3.349345591943731, "KRW-ATOM": 3.3839063387991475, "KRW-THETA": 3.3628905837378653}