{"KRW-SAND": 1.0128718798559921, "KRW-ETC": 1.1597358659704904, "KRW-GMT": 1.2310513068757523, "KRW-APT": 1.537862371592813, "KRW-MATIC": 1.257626610779794, "KRW-NEAR": 1.2541272922589553, "KRW-WAVES": 3.7540086776080006, "KRW-ADA": 2.404194475805732, "KRW-BTC": 0.8546895115363107, "KRW-SOL": 0.7825854510612684, "KRW-XRP": 0.9077482821298721, "KRW-DOGE": 1.388780199460271, "KRW-ETH": 0.9411096565343113}