{"KRW-DOGE": [1.9150125755930336, 1.4714440143015928, null, null, null], "KRW-SAND": [1.7868555714792178, null, null, null, null], "KRW-FLOW": [1.941631643537911, 1.4291895993395087, null, null, null], "KRW-XRP": [1.8833462674203938, 1.4782629452788854, null, null, null], "KRW-WAVES": [1.8867464510975207, 1.4789707564396792, null, null, null], "KRW-MATIC": [1.9287865761969059, 1.5538531465133731, null, null, null], "KRW-EOS": [1.8974990560145066, null, null, null, null], "KRW-ADA": [1.867496746757702, 1.4650060442768842, null, null, null], "KRW-ATOM": [1.899552699557261, 1.4854271394924456, 1.0272781737872494, null, null], "KRW-ETH": [1.8650599599248974, 1.423644581792205, null, null, null], "KRW-SOL": [1.9028303119724477, 1.4934029288096395, null, null, null], "KRW-ETC": [1.894745691335764, 1.4713551395890256, 1.0543521350301344, null, null], "KRW-TRX": [1.883641419919324, 1.4326544434864585, null, null, null], "KRW-AVAX": [1.8687979519445452, 1.409801670160582, null, null, null]}