{"KRW-FLOW": 4.562846413750843, "KRW-ETC": 1.825933445136796, "KRW-BTC": 1.8422726364503816, "KRW-ETH": 1.8256466618559397, "KRW-WAVES": 2.0120031403374927, "KRW-ADA": 1.9517544404962228, "KRW-SAND": 2.4025496566082216, "KRW-AXS": 2.333269534309901, "KRW-SOL": 1.8017074283608991, "KRW-ANKR": 2.432985449360825, "KRW-MATIC": 2.511982918574729, "KRW-MANA": 2.316299571186242, "KRW-KNC": 2.2241204612545307, "KRW-EOS": 2.3737890903749115, "KRW-ATOM": 1.8356151962253708, "KRW-BCH": 1.920174199740754, "KRW-XRP": 3.353759991249694, "KRW-CHZ": 3.8517025279497297, "KRW-DOGE": 3.2855642727970036}