{"KRW-DOGE": [1.9150125755930336, 1.4714440143015928, 1.0362208321727628, -0.223730406562761, null], "KRW-FLOW": [1.745163093840918, 1.3120506512577013, -0.1788278443592306, null, null], "KRW-XRP": [1.8833462674203938, 1.4782629452788854, 0.9298501387559499, 0.14876871036644257, null], "KRW-WAVES": [1.8867464510975207, 1.4789707564396792, 1.0730129591993043, -0.34670078054025444, null], "KRW-ADA": [1.867496746757702, 1.4650060442768842, 0.6662273958562004, -0.2516783056747185, null], "KRW-ETH": [1.8650599599248974, 1.423644581792205, 0.453238308485715, -0.8901370104728246, null], "KRW-SOL": [1.9028303119724477, 1.4934029288096395, 0.4066502472521938, -0.2936014431671574, -0.7584989038783463], "KRW-TRX": [1.883641419919324, 1.4326544434864585, 0.7829811354438831, -0.1557248613855422, null], "KRW-AVAX": [1.8687979519445452, 1.409801670160582, 0.5166490490569942, -0.31104664844028296, null]}