{"KRW-SOL": [1.2976326821077855, 0.873194574111702, 0.3565100441901503, -0.062085176182358204, null], "KRW-ETC": [1.323988389427777, 1.323988389427777, 0.8985725299793357, 0.49845162412542887, null], "KRW-TRX": [1.3010558504909842, 0.8939462338747539, null, null, null], "KRW-ETH": [0.990484376284062, 0.990484376284062, 0.4997939185158229, null, null], "KRW-MANA": [2.1357369217762425, 1.5858375538441383, 1.1554337805981474, null, null], "KRW-WAVES": [1.5357369217762424, 1.1308055485289126, 0.7061944794326758, null, null], "KRW-FLOW": [1.63812329370836, 1.2177946666897865, 0.8154948289340602, null, null], "KRW-IOST": [1.888576724803781, 1.4808696233987506, 1.0600793409247133, null, null], "KRW-CHZ": [1.4703047153250548, 1.0289498325216861, null, null, null], "KRW-SAND": [1.5942361825564966, 1.1910898392539337, null, null, null]}