{"KRW-BTC": 1.8422726364503816, "KRW-XRP": 1.1654654495380834, "KRW-DOGE": 1.0639062312388425, "KRW-SAND": 1.0128718798559921, "KRW-ETC": 1.1597358659704904, "KRW-GMT": 1.2310513068757523, "KRW-SOL": 1.2145748987854255, "KRW-ETH": 1.160552249173974, "KRW-APT": 1.537862371592813, "KRW-MATIC": 1.257626610779794, "KRW-NEAR": 1.2541272922589553, "KRW-WAVES": 3.7540086776080006}