{"KRW-BTC": 1.8422726364503816, "KRW-ETH": -0.540412243251942, "KRW-WAVES": -0.27277418561829636, "KRW-ADA": -0.04508285568760595, "KRW-SAND": 0.2809099021195305, "KRW-SOL": -0.5194859860712553, "KRW-XRP": -0.2024200752168026, "KRW-DOGE": -0.33535930498506117, "KRW-NEAR": -0.3124003124003072, "KRW-ATOM": 0.1488265053824822, "KRW-ETC": -0.457413973916887, "KRW-CHZ": 0.560683382769267, "KRW-TRX": -0.4113263019181024, "KRW-GMT": 20.818092993888527, "KRW-MATIC": 0.5673559402969541}