{"KRW-FLOW": 0.6510048325315765, "KRW-ETC": 0.5830949904104932, "KRW-BTC": 1.8422726364503816, "KRW-ETH": 0.15709671261843194, "KRW-WAVES": 0.6081210972399331, "KRW-ADA": 0.61732170614337, "KRW-SAND": 1.1380240095347993, "KRW-SOL": 0.3230933549791759, "KRW-MATIC": 1.2642218549554496, "KRW-EOS": 0.9381018211990444, "KRW-CHZ": 3.056417907901454, "KRW-XRP": 0.6823923276217725, "KRW-DOGE": 0.7259878651132867, "KRW-AVAX": 0.5331065166684024, "KRW-TRX": 0.824916646778151, "KRW-IOST": 1.6388444916927147, "KRW-NEAR": 0.5666754692086107, "KRW-ATOM": -0.14489260135270854}