{"KRW-APT": [1.5204310786727238, 1.0110853210442583, 0.5047322082478267, -0.022724987636746352, -0.6604465766535617, -1.2998257907693822, -100], "KRW-SOL": [1.5806008132007499, 1.1758952580727122, 1.18111, 0.7311793898112873, 0.20053426528254814, -0.35664922598142024, -0.9307281178123294], "KRW-ETH": [1.5842853771008913, 1.1738613934437536, 0.5588575741600765, 0.03911329608294878, -0.9530281407652774, -100, -100], "KRW-XRP": [1.5761252112783453, 1.1609258982522075, 1.16, 0.6442341542941321, 0.1396656590461065, -0.4102750269844857, -0.93261993123962], "KRW-MATIC": [1.5710225807656464, 1.0733091513010828, 0.5476390103153594, 0.022582745711430263, -0.5063017375692036, -1.1138154816461854, -100], "KRW-DOGE": [1.3571926839980986, 0.8811111111,  0.7250245945084277,-100, -100, -100, -100]}