{"KRW-BTC": 1.8422726364503816, "KRW-ETH": -0.39604746363951504, "KRW-WAVES": -0.18591821646274376, "KRW-ADA": 0.03418771396590525, "KRW-SAND": 0.4094751712248046, "KRW-SOL": -0.13796810064053977, "KRW-XRP": -0.12562323951903487, "KRW-DOGE": -0.17978183658655666, "KRW-NEAR": -0.09661542508255794, "KRW-ATOM": 0.1488265053824822, "KRW-ETC": -0.18239360983869357, "KRW-CHZ": 0.560683382769267, "KRW-TRX": -0.09460980889951509, "KRW-GMT": 22.229944504743226, "KRW-MATIC": 0.5673559402969541}