{"KRW-FLOW": 0.5262944518586554, "KRW-BTC": 1.8422726364503816, "KRW-ETH": 0.0788579809676282, "KRW-WAVES": 0.42387433304162947, "KRW-ADA": 1.0066076098539822, "KRW-SAND": 0.7780897981717549, "KRW-SOL": 0.15397484277770435, "KRW-MATIC": 0.6220679847412258, "KRW-EOS": 0.5517815444054053, "KRW-XRP": 0.09909953648832293, "KRW-DOGE": 0.23412569428569174, "KRW-AVAX": 0.15683034893139158, "KRW-TRX": 0.3509213760191088, "KRW-IOST": 1.3510269703973066, "KRW-NEAR": 0.4329559216560419, "KRW-ATOM": -0.08689265931890455, "KRW-ETC": 0.04818400982664617, "KRW-CHZ": 0.599710379351448, "KRW-MANA": 0.9869726805242118}