{"KRW-APT": [1.5204310786727238, 1.0110853210442583, -100, -100, -100, -100, -100], "KRW-SOL": [1.5806008132007499, 1.1758952580727122, 1.18111, 0.7311793898112873, -100, -100, -100], "KRW-ETH": [1.5842853771008913, 1.1738613934437536, 0.5588575741600765, -100, -100, -100, -100], "KRW-SAND": [1.593490946461551, 1.1826613208938186, -100, -100, -100, -100, -100], "KRW-XRP": [1.5761252112783453, 1.1609258982522075, 1.16, -100, -100, -100, -100], "KRW-ETC": [1.5993643526628798, 1.1550770150816403, -100, -100, -100, -100, -100], "KRW-GMT": [1.5458008701880521, 1.0866265429454458, 1.09, 0.7117460155660948, -100, -100, -100], "KRW-DOGE": [1.5188068398456656, 1.0386166576787703, -100, -100, -100, -100, -100], "KRW-MATIC": [1.5710225807656464, 1.0733091513010828, -100, -100, -100, -100, -100]}