{"KRW-FLOW": 2.065589111659749, "KRW-BTC": 1.8422726364503816, "KRW-ETH": 1.6657369809459865, "KRW-WAVES": 1.9226297973047313, "KRW-ADA": 3.214013408256311, "KRW-SAND": 1.8923572086681384, "KRW-SOL": 0.4974515322279993, "KRW-MATIC": 2.0845479074431017, "KRW-EOS": 2.171556613024639, "KRW-XRP": 1.7198047444090259, "KRW-DOGE": 1.5728647200910162, "KRW-AVAX": 1.8425746188844405, "KRW-TRX": 1.6870637107116115, "KRW-IOST": 2.566717621657455, "KRW-NEAR": 2.0985320920879458, "KRW-ATOM": 1.6968909893450013, "KRW-ETC": 1.4530242287254858, "KRW-CHZ": 2.0425410644041797, "KRW-MANA": 2.5374331316564636}