{"KRW-FLOW": 1.8867199097757803, "KRW-BTC": 1.8422726364503816, "KRW-ETH": 1.301640667118198, "KRW-WAVES": 1.4830183584488177, "KRW-ADA": 3.0896195048707886, "KRW-SAND": 2.0695409503403317, "KRW-SOL": 1.1747232647039807, "KRW-MATIC": 1.8738179571469615, "KRW-EOS": 2.0590182461172724, "KRW-XRP": 1.4337228827884907, "KRW-DOGE": 1.3876042394878052, "KRW-AVAX": 1.5698854993623668, "KRW-TRX": 1.4677510296857932, "KRW-IOST": 2.4008708075891727, "KRW-NEAR": 1.589581521445993, "KRW-ATOM": 1.3554197207137575, "KRW-ETC": 1.3412050532920272, "KRW-CHZ": 1.7484304154526509, "KRW-MANA": 2.4432617492628816}