{"KRW-SOL": [3.980816430632683, 3.5128395256680767, 3.0597830979849805, false, false, false, false, false, false, false, false, false, false, false, false, false, false, false, false, false], "KRW-ETH": [3.9847944726145057, 3.4835653506682496, 2.9789736226331742, false, false, false, false, false, false, false, false, false, false, false, false, false, false, false, false, false], "KRW-AVAX": [3.947407942217551, 3.4557753512779676, 2.9593990659958047, false, false, false, false, false, false, false, false, false, false, false, false, false, false, false, false, false], "KRW-DOGE": [3.994020343830229, 3.4076722713592744, 3.0021232041434143, false, false, false, false, false, false, false, false, false, false, false, false, false, false, false, false, false], "KRW-BTC": [3.9988705911526035, 3.5052017942847957, 2.9943300194459566, false, false, false, false, false, false, false, false, false, false, false, false, false, false, false, false, false], "KRW-XRP": [3.9327485639237825, 3.5269560588310656, 3.0831806750085455, false, false, false, false, false, false, false, false, false, false, false, false, false, false, false, false, false]}