{"KRW-XRP": [0.20007940501476362, -0.1614709141787296, -0.5187843587429963, -100, -100, -100, -100], "KRW-DOGE": [-0.0228, -0.39367484511216855, -0.7526068308749356, -100, -100, -100, -100], "KRW-NEAR": [0.2, -0.17269429034135753, -0.5321585966747255, -0.886887188257035, -100, -100, -100], "KRW-ADA": [0.041942112334636406, -0.31098739850941026, -0.6626473628546847, -100, -100, -100, -100], "KRW-SOL": [-0.10323207967882775, -0.4693024310497118, -0.8444368825965554, -100, -100, -100, -100], "KRW-ETC": [-0.08925681110458772, -0.45035163191580185, -0.8185571163334626, -100, -100, -100, -100], "KRW-TRX": [-0.03692073292950182, -0.39512642363658257, -0.826378352624213, -100, -100, -100, -100], "KRW-WAVES": [-0.0870761806041398, -0.45330827624285863, -0.825156298117069, -100, -100, -100, -100], "KRW-ETH": [-0.2433173134154809, -0.6121333558589903, -0.9809066007970269, -100, -100, -100, -100]}