{"KRW-SAND": 1.0128718798559921, "KRW-ETC": 1.1597358659704904, "KRW-GMT": 1.2310513068757523, "KRW-APT": 1.537862371592813, "KRW-MATIC": 1.257626610779794, "KRW-NEAR": 1.2541272922589553, "KRW-WAVES": 3.7540086776080006, "KRW-ADA": 2.404194475805732, "KRW-BTC": 2.924114221601082, "KRW-ETH": 2.9689412134260795, "KRW-XRP": 3.0102018946375875, "KRW-DOGE": 3.351647369393307, "KRW-AVAX": 2.966661711369567, "KRW-SOL": 2.9385179311836485}