{"KRW-SAND": 1.0128718798559921, "KRW-ETC": 1.1597358659704904, "KRW-GMT": 1.2310513068757523, "KRW-APT": 1.537862371592813, "KRW-MATIC": 1.257626610779794, "KRW-NEAR": 1.2541272922589553, "KRW-WAVES": 3.7540086776080006, "KRW-ADA": 2.404194475805732, "KRW-SOL": 7.00204509313318, "KRW-DOGE": 2.0511811839657224, "KRW-XRP": 2.167977734742488, "KRW-BTC": 2.1298596010953075, "KRW-ETH": 2.3082488457190964}