{"KRW-SOL": [1.2976326821077855, 0.873194574111702, 0.3565100441901503, null, null], "KRW-SAND": [1.762266994213424, null, null, null, null], "KRW-FLOW": [1.6475974910524327, null, null, null, null], "KRW-MATIC": [1.860231916885069, 1.4539349122995038, null, null, null], "KRW-CHZ": [1.3605481578444323, null, null, null, null], "KRW-ETC": [1.3077712510081163, null, null, null, null], "KRW-AVAX": [1.276802000025512, null, null, null, null], "KRW-TRX": [1.3154903508630689, null, null, null, null], "KRW-XRP": [0.9761594439013699, null, null, null, null], "KRW-EOS": [1.4142424495012573, null, null, null, null]}