{"KRW-FLOW": 2.2980709150188128, "KRW-ETC": 2.1709075069201944, "KRW-BTC": 2.183050036209244, "KRW-NEAR": 2.214669591540974, "KRW-ETH": 2.242546440943527, "KRW-WAVES": 2.4, "KRW-XRP": 2.4, "KRW-ADA": 2.1617023283045045, "KRW-SAND": 2.2144748534251413, "KRW-DOGE": 2.26804247520187, "KRW-AXS": 2.2897828121298813, "KRW-SOL": 2.2090276161053746, "KRW-ANKR": 2.432985449360825, "KRW-MATIC": 2.400752652719, "KRW-CHZ": 2.4040634571732884, "KRW-ENJ": 2.4232761756038834, "KRW-MANA": 2.404171123294896, "KRW-ZIL": 2.4140505770256, "KRW-ALGO": 2.407753680815306, "KRW-SRM": 2.41758886690052, "KRW-SXP": 2.416826873118916, "KRW-STORJ": 2.4069098877723576, "KRW-MTL": 2.45172774084972, "KRW-GMT": 2.171875263562484, "KRW-KNC": 2.334393712574845, "KRW-EOS": 2.0198290564739985, "KRW-BCH": 2.1475171433102735, "KRW-ATOM": 2.159702963947141, "KRW-XTZ": 2.465735458062812}