{"KRW-BTC": 1.8422726364503816, "KRW-XRP": 1.2542427682065593, "KRW-CHZ": 0.560683382769267, "KRW-DOGE": 1.7435016895056332, "KRW-ETH": 1.131450922492827, "KRW-SAND": 1.5936609765550447, "KRW-SOL": 1.1359439267404126, "KRW-MATIC": 1.3765437579739803, "KRW-ETC": 1.2758791721296125, "KRW-APT": 1.165241197072775, "KRW-WAVES": 1.442807304426652, "KRW-GMT": 1.4915804800228472}