{"KRW-SAND": 1.0128718798559921, "KRW-ETC": 1.1597358659704904, "KRW-GMT": 1.2310513068757523, "KRW-APT": 1.537862371592813, "KRW-MATIC": 1.257626610779794, "KRW-NEAR": 1.2541272922589553, "KRW-WAVES": 3.7540086776080006, "KRW-ADA": 2.404194475805732, "KRW-XRP": 8.174148638103418, "KRW-SOL": 8.170148065626748, "KRW-AVAX": 4.833022508196372, "KRW-BTC": 8.23894682966635, "KRW-DOGE": 8.235326937747667, "KRW-ETH": 7.409527563668417}