{"KRW-BTC": 1.8422726364503816, "KRW-ETH": 0.07504159961184698, "KRW-WAVES": 0.3977906151819255, "KRW-ADA": 0.39931978986367245, "KRW-SAND": 0.8242729603111565, "KRW-SOL": 0.060726509881869895, "KRW-XRP": 0.20125528721517405, "KRW-DOGE": 0.2547203757362171, "KRW-NEAR": 0.43521928356211603, "KRW-ATOM": 0.1488265053824822, "KRW-ETC": 0.13858040511038894, "KRW-CHZ": 0.560683382769267, "KRW-TRX": 0.2831524303916755, "KRW-GMT": 30.988347817433272, "KRW-MATIC": 0.5673559402969541}