{"KRW-BTC": 1.8422726364503816, "KRW-XRP": 4.141026364291478, "KRW-CHZ": 0.560683382769267, "KRW-DOGE": 5.168120131516729, "KRW-ETH": 3.8512950387693756, "KRW-SAND": 4.080627230437961, "KRW-SOL": 2.0641841377945225, "KRW-MATIC": 4.32548594015183, "KRW-ETC": 4.172779079551758, "KRW-APT": 3.9992258174323725, "KRW-ADA": 4.3275756889813, "KRW-WAVES": 4.173770784447051, "KRW-GMT": 7.415350763054174, "KRW-NEAR": 4.337714382202251}