{"KRW-SAND": 1.0128718798559921, "KRW-ETC": 1.1597358659704904, "KRW-GMT": 1.2310513068757523, "KRW-SOL": 1.2145748987854255, "KRW-APT": 1.537862371592813, "KRW-MATIC": 1.257626610779794, "KRW-NEAR": 1.2541272922589553, "KRW-WAVES": 3.7540086776080006, "KRW-XRP": 0.2812125355150519, "KRW-ETH": 0.3609889832149049, "KRW-DOGE": 2.505383430877961, "KRW-ADA": 0.5791831676325687, "KRW-BTC": -0.01041208942375027}