{"KRW-DOGE": [1.9150125755930336, 1.4714440143015928, 1.0362208321727628, null, null], "KRW-FLOW": [1.745163093840918, 1.3120506512577013, null, null, null], "KRW-XRP": [1.8833462674203938, 1.4782629452788854, 0.9298501387559499, null, null], "KRW-WAVES": [1.8867464510975207, 1.4789707564396792, 1.0730129591993043, null, null], "KRW-ADA": [1.867496746757702, 1.4650060442768842, 0.6662273958562004, null, null], "KRW-ETH": [1.8650599599248974, 1.423644581792205, 0.453238308485715, null, null], "KRW-SOL": [1.9028303119724477, 1.4934029288096395, 0.4066502472521938, -0.2936014431671574, null], "KRW-TRX": [1.883641419919324, 1.4326544434864585, 0.7829811354438831, null, null], "KRW-AVAX": [1.8687979519445452, 1.409801670160582, 0.5166490490569942, null, null]}