{"KRW-BTC": 1.8422726364503816, "KRW-ETH": 0.2057782256555285, "KRW-WAVES": 0.15033803076278662, "KRW-ADA": 0.26887634608532274, "KRW-SAND": 0.7293637646906603, "KRW-SOL": 0.3243931535593436, "KRW-XRP": 0.3290365626487324, "KRW-DOGE": 0.24758008628975592, "KRW-NEAR": 0.3185022555482586, "KRW-ATOM": 0.1488265053824822, "KRW-ETC": 0.2071347916841937, "KRW-CHZ": 0.560683382769267, "KRW-TRX": 0.20829822935715114, "KRW-GMT": 17.84300887558885, "KRW-MATIC": 0.5673559402969541}