{"KRW-BTC": 1.8422726364503816, "KRW-ETH": 0.11732847029692905, "KRW-WAVES": 0.27134181860959394, "KRW-ADA": 0.47576124438719614, "KRW-SAND": 0.871402831208079, "KRW-SOL": 0.29769249358095884, "KRW-XRP": 0.3346101915826294, "KRW-DOGE": 0.3459759851963229, "KRW-NEAR": 0.47067004123504397, "KRW-ATOM": 0.1488265053824822, "KRW-ETC": 0.269586908901176, "KRW-CHZ": 0.560683382769267, "KRW-TRX": 0.31755057373665796, "KRW-GMT": 24.575563762034626, "KRW-MATIC": 0.5673559402969541}