{"KRW-SOL": [1.2976326821077855, 0.873194574111702, 0.3565100441901503, null, null], "KRW-ETC": [1.323988389427777, 1.323988389427777, null, null, null], "KRW-TRX": [1.3010558504909842, null, null, null, null], "KRW-FLOW": [1.3954363236659884, null, null, null, null],  "KRW-CHZ": [1.250884804386998, null, null, null, null], "KRW-ETH": [0.990484376284062, 0.990484376284062, null, null, null], "KRW-ADA": [1.1456119815252963, 1.1456119815252963, null, null, null], "KRW-MANA": [2.1357369217762425, null, null, null, null], "KRW-WAVES": [1.5357369217762425, null, null, null, null], "KRW-XRP": [1.5657369217762425, null, null, null, null]}