{"KRW-BTC": 1.8422726364503816, "KRW-XRP": 1.6550214267384344, "KRW-CHZ": 0.560683382769267, "KRW-DOGE": 2.122785977999997, "KRW-ETH": 1.4986481092343018, "KRW-SAND": 1.9728542434983565, "KRW-SOL": 1.5636682788649825, "KRW-MATIC": 1.5454257219910117, "KRW-ETC": 1.5872112514816683, "KRW-APT": 1.5405468945316247, "KRW-WAVES": 1.442807304426652, "KRW-GMT": 1.5464832181862675}