{"KRW-BTC": 1.8422726364503816, "KRW-XRP": 3.375947933291612, "KRW-CHZ": 0.560683382769267, "KRW-DOGE": 3.871040697217354, "KRW-ETH": 3.254382711686543, "KRW-SAND": 3.368041782460063, "KRW-SOL": 3.1850273066990953, "KRW-MATIC": 4.080699902722862, "KRW-ETC": 3.348274162914544, "KRW-APT": 1.4883645797611145, "KRW-ADA": 3.4990244056213093, "KRW-WAVES": 3.437473891129006, "KRW-GMT": 3.6344586826147163}