{"KRW-SOL": [1.2976326821077855, 0.873194574111702, 0.3565100441901503, -0.062085176182358204, null], "KRW-ETC": [1.323988389427777, 1.323988389427777, 0.8985725299793357, 0.49845162412542887, 0.0504062273593453], "KRW-TRX": [1.3010558504909842, 0.8939462338747539, 0.49219151331272304, null, null], "KRW-ETH": [0.990484376284062, 0.990484376284062, 0.4997939185158229, 0.07774383606953261, null], "KRW-MANA": [2.1357369217762425, 1.5858375538441383, 1.1554337805981474, 0.7420828910182475, null], "KRW-WAVES": [1.5357369217762424, 1.1308055485289126, 0.7061944794326758, 0.2713696304772695, null], "KRW-CHZ": [1.4703047153250548, 1.0289498325216861, 0.5956356826835707, null, null], "KRW-SAND": [1.5942361825564966, 1.1910898392539337, 0.7635027950546158, null, null], "KRW-IOST": [1.770450546215252, 1.277360711979858, 0.7979319365841286, null, null]}