{"KRW-SAND": 1.0128718798559921, "KRW-ETC": 1.1597358659704904, "KRW-GMT": 1.2310513068757523, "KRW-APT": 1.537862371592813, "KRW-MATIC": 1.257626610779794, "KRW-NEAR": 1.2541272922589553, "KRW-WAVES": 3.7540086776080006, "KRW-ADA": 2.404194475805732, "KRW-BTC": 3.746785401973507, "KRW-XRP": 3.8301799723119645, "KRW-DOGE": 4.566367819018335, "KRW-SOL": 4.494298184044032, "KRW-ETH": 4.064558573535559}