{"KRW-BTC": 1.8422726364503816, "KRW-XRP": -0.9336297152017892, "KRW-CHZ": 0.560683382769267, "KRW-DOGE": -0.031370908710659506, "KRW-ETH": -0.9643256079194695, "KRW-SAND": 2.16970315743954, "KRW-SOL": -0.8409420724200256, "KRW-MATIC": -0.6314084802844011, "KRW-ETC": 2.3052369965643082, "KRW-APT": -0.6389821685914732, "KRW-WAVES": 1.442807304426652, "KRW-GMT": 2.173043536070085}