{"KRW-FLOW": 2, "KRW-ETC": 2.854405516009595, "KRW-NEAR": 2, "KRW-ETH": 2.510624634446157, "KRW-WAVES": 2.4253758901160216, "KRW-XRP": 2.38830888033712, "KRW-ADA": 2.710510225536167, "KRW-SAND": 2.486086024198886, "KRW-DOGE": 2.26804247520187, "KRW-AXS": 2.6543059763784127, "KRW-SOL": 2.865501198364595, "KRW-ANKR": 2.732985449360825, "KRW-MATIC": 2.5044465590591036, "KRW-CHZ": 2.1040634571732886, "KRW-ENJ": 2.5232761756038835, "KRW-MANA": 2.653697892733442, "KRW-ZIL": 2.5853140505770256, "KRW-ALGO": 2.7077536808153058, "KRW-SRM": 3.116758886690052, "KRW-SXP": 2.516826873118916, "KRW-STORJ": 2.8709745389480457, "KRW-MTL": 2.4234836563327367, "KRW-GMT": 2.068396526272731, "KRW-KNC": 2.68470672390122, "KRW-BTC": 2.4956045337832578}