{"KRW-FLOW": 0.050111754414272625, "KRW-BTC": 1.8422726364503816, "KRW-ETH": -1.121274323327237, "KRW-WAVES": -0.2973918744445414, "KRW-ADA": -0.20368863494553135, "KRW-SAND": 0.2415378820879388, "KRW-SOL": -0.440204127839694, "KRW-MATIC": -0.06472915855948447, "KRW-EOS": -0.17375163229407242, "KRW-CHZ": -0.0019238760297746182, "KRW-XRP": -0.07068171293473924, "KRW-DOGE": -0.12653651482283923, "KRW-AVAX": -0.05623845103237546, "KRW-TRX": -0.2629002331481445, "KRW-IOST": 0.6918239716477981, "KRW-NEAR": -0.34816478470102163, "KRW-ATOM": -0.3152005279082437, "KRW-ETC": 0.037435533611129834}