{"KRW-FLOW": 2, "KRW-ETC": 2, "KRW-BTC": 2.232603479903439, "KRW-NEAR": 2, "KRW-ETH": 2.3144179688654676, "KRW-WAVES": 2.43645420550036, "KRW-XRP": 2, "KRW-ADA": 2.710510225536167, "KRW-SAND": 2.41622409925073, "KRW-DOGE": 2.26804247520187, "KRW-AXS": 2.6543059763784127, "KRW-SOL": 2.0367231076603654, "KRW-ANKR": 2.732985449360825, "KRW-MATIC": 2.5044465590591036, "KRW-CHZ": 2.1040634571732886, "KRW-ENJ": 2.5232761756038835, "KRW-MANA": 2.653697892733442, "KRW-ZIL": 2.5853140505770256, "KRW-ALGO": 2.7077536808153058, "KRW-SRM": 3.116758886690052, "KRW-SXP": 2.516826873118916}