{"KRW-SAND": 1.0128718798559921, "KRW-ETC": 1.1597358659704904, "KRW-GMT": 1.2310513068757523, "KRW-APT": 1.537862371592813, "KRW-MATIC": 1.257626610779794, "KRW-NEAR": 1.2541272922589553, "KRW-WAVES": 3.7540086776080006, "KRW-ADA": 2.404194475805732, "KRW-BTC": 1.302659742865564, "KRW-SOL": 1.4163994068756347, "KRW-XRP": 1.1440067826422151, "KRW-DOGE": 0.8695038780943687, "KRW-ETH": 1.1334697951060901}