{"KRW-BTC": 1.8422726364503816, "KRW-XRP": -0.12243068416251113, "KRW-CHZ": 0.560683382769267, "KRW-DOGE": 0.7633587786259666, "KRW-ETH": -0.07424958048631858, "KRW-SAND": 1.324154012714085, "KRW-SOL": -0.18102616078299327, "KRW-MATIC": 0.06942253037436341, "KRW-ETC": 1.1965003848556144, "KRW-APT": -0.010739534798964723, "KRW-WAVES": 1.442807304426652, "KRW-GMT": 1.077574841352158}