{"KRW-FLOW": 1.8395162943225962, "KRW-BTC": 1.8422726364503816, "KRW-ETH": 1.4077281033523459, "KRW-WAVES": 1.4758152311053152, "KRW-ADA": 1.5955904973834256, "KRW-SAND": 1.8069128408301882, "KRW-SOL": 0.7986302432712256, "KRW-MATIC": 2.2655669771912246, "KRW-EOS": 1.8405155144512797, "KRW-CHZ": 1.8945092407504305, "KRW-XRP": 1.3763440373939284, "KRW-DOGE": 1.4958145586580596, "KRW-AVAX": 1.6783630286081541, "KRW-TRX": 1.7286215090406731, "KRW-IOST": 1.7867841459745515, "KRW-NEAR": 1.5199862656809504, "KRW-ATOM": 1.5455878853735117, "KRW-ETC": 1.7800822292314278}