{"KRW-SOL": [1.2976326821077855, 0.873194574111702, 0.3565100441901503, null, null], "KRW-ETC": [1.323988389427777, 1.323988389427777, null, null, null], "KRW-TRX": [1.3010558504909842, null, null, null, null], "KRW-ETH": [0.990484376284062, 0.990484376284062, null, null, null], "KRW-MANA": [2.1357369217762425, null, null, null, null], "KRW-WAVES": [1.5357369217762424, null, null, null, null], "KRW-FLOW": [1.63812329370836, null, null, null, null], "KRW-EOS": [1.7421748639852463, null, null, null, null], "KRW-IOST": [1.888576724803781, null, null, null, null], "KRW-CHZ": [1.4703047153250548, 1.0289498325216861, null, null, null]}