{"KRW-FLOW": [1.577283813118413, null, null, null, null], "KRW-ETC": [1.5884023194260521, null, null, null, null], "KRW-BTC": [1.5995809936438343, null, null, null, null], "KRW-NEAR": [1.586240004458661, null, null, null, null], "KRW-ETH": [2, 2, 2, 2, 2], "KRW-WAVES": [2, 2, 2, 2, 2], "KRW-XRP": [2, 2, 2, 2, 2]}