{"KRW-SAND": 1.0128718798559921, "KRW-ETC": 1.1597358659704904, "KRW-GMT": 1.2310513068757523, "KRW-APT": 1.537862371592813, "KRW-MATIC": 1.257626610779794, "KRW-NEAR": 1.2541272922589553, "KRW-WAVES": 3.7540086776080006, "KRW-ADA": 2.404194475805732, "KRW-DOGE": 3.17515129303223, "KRW-ETH": 3.121052023094162, "KRW-BTC": 3.157216933199458, "KRW-SOL": 3.145566567070479, "KRW-AVAX": 3.186335956775399, "KRW-XRP": 2.9458346531517243}