{"KRW-XRP": [1.7552122239299583, 1.3280774541938545, 0.9970111341134125, 0.6576632109320357, 0.30455485731675225, -0.026659557451358395, false, false, false], "KRW-ETH": [-0.0001, -0.0001, -0.333798583643774, false, false, false, false, false, false], "KRW-ADA": [0.5791831676325687, 0.233761544467459, -0.12033122000636443, false, false, false, false, false, false], "KRW-BTC": [-0.01041208942375027, false, false, false, false, false, false, false, false]}