{"KRW-XRP": [0.20007940501476362, -0.1614709141787296, -0.5187843587429963, -100, -100, -100, -100], "KRW-DOGE": [-0.0228, -0.39367484511216855, -100, -100, -100, -100, -100], "KRW-NEAR": [0.2, -0.17269429034135753, -0.5321585966747255, -100, -100, -100, -100], "KRW-ADA": [0.041942112334636406, -0.31098739850941026, -100, -100, -100, -100, -100], "KRW-SAND": [0.4221198978602958, 0.03389005289433644, -100, -100, -100, -100, -100], "KRW-SOL": [-0.10323207967882775, -0.4693024310497118, -100, -100, -100, -100, -100], "KRW-ETC": [-0.08925681110458772, -0.45035163191580185, -100, -100, -100, -100, -100], "KRW-TRX": [-0.03692073292950182, -0.39512642363658257, -100, -100, -100, -100, -100], "KRW-WAVES": [-0.0870761806041398, -0.45330827624285863, -100, -100, -100, -100, -100], "KRW-ETH": [-0.2433173134154809, -0.6121333558589903, -100, -100, -100, -100, -100]}