{"KRW-BTC": [4.862236514066032, 4.095169290135003, 3.6620412543192593, 2.907354751200475, 2.5020143126330385, 2.0203571073760695, false, false, false, false, false, false, false, false, false], "KRW-ETH": [4.902235109267017, 4.070457412790951, 3.655982091501442, 3.024252178895459, 2.609623638959513, 2.0909866182865278, false, false, false, false, false, false, false, false, false], "KRW-XRP": [3.7397577172086693, 3.170848302027296, 2.761925909846319, 2.2456870910172455, false, false, false, false, false, false, false, false, false, false, false, false, false, false, false, false], "KRW-AVAX": [3.7853262571718727, 3.130430264241535, 2.7116023805197953, 2.151668068404833, false, false, false, false, false, false, false, false, false, false, false, false, false, false, false, false], "KRW-SOL": [3.7006218164479243, 3.2021652099871734, 2.7974237747601327, 2.3866192526724728, false, false, false, false, false, false, false, false, false, false, false, false, false, false, false, false], "KRW-DOGE": [3.6313420897546633, 3.2108017197396643, 2.810771467854667, false, false, false, false, false, false, false, false, false, false, false, false, false, false, false, false, false]}