{"KRW-FLOW": 1.6129638563274984, "KRW-BTC": 1.8422726364503816, "KRW-ETH": 1.135378505983864, "KRW-WAVES": 1.1829489144713712, "KRW-ADA": 0.7083352135210941, "KRW-SAND": 1.5360306245561839, "KRW-SOL": 0.30116199413188216, "KRW-MATIC": 1.3220501098331061, "KRW-EOS": 1.5132237892856226, "KRW-CHZ": 0.9045549441431433, "KRW-XRP": 1.2122223795225873, "KRW-DOGE": 1.1344721145534642, "KRW-AVAX": 1.2363532407417832, "KRW-TRX": 1.2082199816888073, "KRW-IOST": 1.7895049902446836, "KRW-NEAR": 1.3871109682332294, "KRW-ATOM": 1.1439405952475834, "KRW-ETC": 0.7873953150716595}