{"KRW-SOL": [1.2976326821077855, 0.873194574111702, 0.3565100441901503, -0.062085176182358204, null], "KRW-ETC": [1.323988389427777, 1.323988389427777, 0.8985725299793357, 0.49845162412542887, 0.0504062273593453], "KRW-TRX": [1.3010558504909842, 0.8939462338747539, 0.49219151331272304, 0.04001600640255454, null], "KRW-ETH": [0.990484376284062, 0.990484376284062, 0.4997939185158229, 0.07774383606953261, null], "KRW-MANA": [2.1357369217762425, 1.5858375538441383, 1.1554337805981474, 0.7420828910182475, 0.3238174702505203], "KRW-WAVES": [1.5357369217762424, 1.1308055485289126, 0.7061944794326758, 0.2713696304772695, -0.15396023973187623], "KRW-IOST": [1.1935119958360607, 0.7738488679855493, 0.36323368714565873, null, null], "KRW-EOS": [0.6877205470855463, null, null, null, null], "KRW-ATOM": [0.16333163673694084, null, null, null, null], "KRW-FLOW": [0.24569458121590504, null, null, null, null]}