{"KRW-XRP": [1.8833462674203938, 1.4782629452788854, 0.9298501387559499, 0.14876871036644257, null], "KRW-WAVES": [1.8867464510975207, 1.4789707564396792, 1.0730129591993043, -0.34670078054025444, null], "KRW-SOL": [1.9028303119724477, 1.4934029288096395, 0.4066502472521938, -0.2936014431671574, -0.7584989038783463], "KRW-TRX": [1.883641419919324, 1.4326544434864585, 0.7829811354438831, -0.1557248613855422, null], "KRW-MATIC": [1.3899931725081638, 0.9851563290115495, 0.47127386383520875, null, null], "KRW-AVAX": [1.160081032014748, 0.723140495867769, null, null, null], "KRW-ADA": [0.8198099456025787, 0.39466722593746173, null, null, null], "KRW-ATOM": [0.6945439460363412, null, null, null, null], "KRW-CHZ": [0.4643401824522275, null, null, null, null], "KRW-FLOW": [1.199473762736436, null, null, null, null]}