{"KRW-SAND": 1.0128718798559921, "KRW-ETC": 1.1597358659704904, "KRW-GMT": 1.2310513068757523, "KRW-APT": 1.537862371592813, "KRW-MATIC": 1.257626610779794, "KRW-NEAR": 1.2541272922589553, "KRW-WAVES": 3.7540086776080006, "KRW-ADA": 2.404194475805732, "KRW-XRP": 0.983932273039434, "KRW-DOGE": 2.294965308663932, "KRW-ETH": 0.959407150207725, "KRW-SOL": 2.6565338956872298, "KRW-BTC": 2.2246136623837565}