{"KRW-FLOW": 1.75338733647179, "KRW-ETC": 1.3406891902402407, "KRW-BTC": 1.8422726364503816, "KRW-ETH": 1.264485224190759, "KRW-WAVES": 1.3977872749532327, "KRW-ADA": 1.6289842913155717, "KRW-SAND": 1.7201716034477066, "KRW-SOL": 1.3160236022485394, "KRW-MATIC": 1.887992721910603, "KRW-EOS": 1.871864527770617, "KRW-ATOM": 1.3046489893565827, "KRW-CHZ": 1.971418621190879, "KRW-XRP": 1.7700674941748318, "KRW-DOGE": 1.5448040046021294, "KRW-AVAX": 1.6216442475056825, "KRW-TRX": 1.5323738755811167, "KRW-IOST": 1.930691184695954, "KRW-NEAR": 1.512138760558579}