{"Pre_RSI_time_1": 1675970363.176397, "Pre_RSI_time_2": 1675977922.621544, "Num_input": 2}