{"Pre_RSI_time_1": 1671419192.549289, "Pre_RSI_time_2": 1671489092.797278}