{"Pre_RSI_time_1": 1669598492.58129, "Pre_RSI_time_2": 1668390213.197382}