{"Pre_RSI_time_1": 1672383933.621253, "Pre_RSI_time_2": 1671489092.797278}