{"Pre_RSI_time_1": 1675601842.598921, "Pre_RSI_time_2": 1675622792.200352, "Num_input": 3}