{"Pre_RSI_time_1": 1677253223.406967, "Pre_RSI_time_2": 1677267383.964522, "Num_input": 0}