{"general": ["Timed out", false, false, false, false, false, false, false, false, false, false, false], "Pre_RSI_time_0": 1703777530.645396, "Pre_RSI_time_1": 1703573603.932635, "Pre_RSI_time_2": 1703615240.208927, "Pre_RSI_time_3": 1702261320.12729, "Num_input": 2}