{"Pre_RSI_time_1": 1677806545.221111, "Pre_RSI_time_2": 1677807144.404981, "Num_input": 0}