{"Pre_RSI_time_1": 1677357984.009484, "Pre_RSI_time_2": 1677267383.964522, "Num_input": 0}