{"Pre_RSI_time_1": 1665390333.102002, "Pre_RSI_time_2": 1665664352.389323}