{"general": ["Timed out", false, false, false, false, false, false, false, false, false, false, false], "Pre_RSI_time_0": 1691174734.390397, "Pre_RSI_time_1": 1691181918.9476, "Pre_RSI_time_2": 1690855840.444406, "Pre_RSI_time_3": 1686774742.771587, "Num_input": 0}