{"Pre_RSI_time_1": 1670397033.293323, "Pre_RSI_time_2": 1668390213.197382}