{"Pre_RSI_time_1": 1670804072.399944, "Pre_RSI_time_2": 1670814993.264103}