{"KRW-BTC": 0.9603179292911435, "KRW-SOL": 0.7927841855946083, "KRW-XRP": 1.3256092840433942, "KRW-ETH": 0.5796840007239012, "KRW-DOGE": 1.0664468629252966, "KRW-AVAX": 1.042645680730514}