{"KRW-BTC": 2.0311436401053484, "KRW-SOL": 1.3090563377356146, "KRW-XRP": 1.953139707377316, "KRW-ETH": 1.3431710360289673, "KRW-DOGE": 1.030525800703841, "KRW-AVAX": 1.3298793875191617}