{"KRW-SOL": 1.8860990040562742, "KRW-DOGE": 2.32500856395792, "KRW-XRP": 2.0218644076540837, "KRW-ETH": 1.9902528746062798, "KRW-BTC": 1.9490352694726543, "KRW-AVAX": 1.9779538247206796}