{"KRW-SOL": 2.7525234023100698, "KRW-DOGE": 3.3913997990309364, "KRW-XRP": 2.940244074023024, "KRW-ETH": 2.8346868367105316, "KRW-BTC": 2.858840521980155}