{"KRW-BTC": 1.278206057942155, "KRW-SOL": 0.9523323475997048, "KRW-XRP": 0.9683209424482087, "KRW-ETH": 1.2366485855907827, "KRW-DOGE": 1.1154801077879695, "KRW-AVAX": 1.3231712170645338}