{"KRW-SOL": 3.42381392712352, "KRW-DOGE": 3.5605468355015537, "KRW-XRP": 3.59131797395027, "KRW-ETH": 3.4674392579388646, "KRW-BTC": 3.482099609527922}