{"KRW-SOL": 3.929303669007189, "KRW-DOGE": 4.13862250551722, "KRW-XRP": 4.0702298075784515, "KRW-ETH": 6.701189044560563, "KRW-BTC": 4.195885127510679, "KRW-AVAX": 4.032327994297535}