{"KRW-SOL": 3.7281273861603292, "KRW-DOGE": 3.3944636822388574, "KRW-XRP": 3.382932494510027, "KRW-ETH": 3.7268305083862696, "KRW-BTC": 3.681773431256019, "KRW-AVAX": 3.6252921459242415}