{"KRW-ETH": 1.719316010499683, "KRW-SOL": 0.10000444997717572, "KRW-XRP": -1, "KRW-DOGE": 1.5068802692682404, "KRW-BTC": 0.01023749104771543}