{"KRW-SOL": 2.913583287309107, "KRW-DOGE": 2.908462358255548, "KRW-XRP": 2.343825176932879, "KRW-ETH": 2.986378376267873, "KRW-BTC": 2.8558997659925422, "KRW-AVAX": 2.9746254318529175}