{"KRW-SOL": 1.922267711364567, "KRW-DOGE": 2.5459100810944157, "KRW-XRP": 2.7081838229525923, "KRW-ETH": 2.492127077187023, "KRW-BTC": 2.5779079618083234, "KRW-AVAX": 1.9586436737318413}