{"KRW-BTC": 0.09986673278237213, "KRW-SOL": 0.108809079227834, "KRW-XRP": 0.898624985714358, "KRW-ETH": 0.15704119751163148, "KRW-DOGE": 1.0178098512275913, "KRW-AVAX": 0.037623965953770266}